city_name,day,AQI,scope,quality,PM2_5,PM10,SO2,CO,NO2,O3
上海,2018-01-01,123,轻度污染,93,95,13,1.1,63,72
上海,2018-01-02,54,良,27,38,10,0.7,43,62
上海,2018-01-03,38,优,21,31,7,0.6,26,76
上海,2018-01-04,34,优,8,8,6,0.5,27,56
上海,2018-01-05,48,优,26,30,8,0.8,38,54
上海,2018-01-06,79,良,58,60,11,1,54,49
上海,2018-01-07,60,良,21,17,8,1,48,44
上海,2018-01-08,124,轻度污染,94,87,12,1.3,47,65
上海,2018-01-09,57,良,28,56,13,0.8,45,62
上海,2018-01-10,67,良,34,73,16,0.8,53,55
上海,2018-01-11,70,良,45,74,21,0.9,56,54
上海,2018-01-12,68,良,33,55,18,0.9,54,43
上海,2018-01-13,102,轻度污染,52,71,19,1.1,83,33
上海,2018-01-14,77,良,31,43,13,0.7,61,60
上海,2018-01-15,90,良,37,45,15,0.9,72,47
上海,2018-01-16,94,良,70,69,11,0.9,70,25
上海,2018-01-17,133,轻度污染,101,88,11,1.2,62,39
上海,2018-01-18,104,轻度污染,78,66,10,0.8,56,64
上海,2018-01-19,160,中度污染,122,127,14,1.1,74,55
上海,2018-01-20,112,轻度污染,84,99,14,1,71,57
上海,2018-01-21,68,良,37,47,12,0.7,54,75
上海,2018-01-22,80,良,49,55,10,0.9,64,57
上海,2018-01-23,110,轻度污染,83,82,9,0.9,36,61
上海,2018-01-24,36,优,20,31,8,0.5,23,72
上海,2018-01-25,39,优,11,12,6,0.5,31,58
上海,2018-01-26,32,优,14,22,7,0.4,22,64
上海,2018-01-27,48,优,16,22,7,0.5,38,51
上海,2018-01-28,39,优,22,23,7,0.5,31,57
上海,2018-01-29,128,轻度污染,97,97,20,1.1,48,72
上海,2018-01-30,241,重度污染,191,185,28,1.8,97,78
上海,2018-01-31,224,重度污染,174,168,25,1.7,108,59
上海,2018-02-01,163,中度污染,124,119,24,1.5,87,75
上海,2018-02-02,135,轻度污染,103,111,24,1.2,83,81
上海,2018-02-03,43,优,30,39,10,0.6,29,68
上海,2018-02-04,52,良,36,48,15,0.7,39,71
上海,2018-02-05,87,良,57,78,20,0.9,69,67
上海,2018-02-06,59,良,30,42,13,0.7,47,64
上海,2018-02-07,77,良,25,41,12,0.6,61,69
上海,2018-02-08,112,轻度污染,84,94,17,1.1,61,60
上海,2018-02-09,83,良,61,61,13,0.9,64,69
上海,2018-02-10,88,良,65,89,12,0.9,46,68
上海,2018-02-11,95,良,43,140,14,0.8,44,81
上海,2018-02-12,87,良,33,124,15,0.7,37,77
上海,2018-02-13,60,良,32,61,13,0.7,48,105
上海,2018-02-14,69,良,38,74,13,0.8,55,105
上海,2018-02-15,52,良,33,53,10,0.6,29,81
上海,2018-02-16,36,优,19,27,8,0.5,27,72
上海,2018-02-17,60,良,36,47,11,0.6,28,111
上海,2018-02-18,41,优,15,29,9,0.4,25,82
上海,2018-02-19,46,优,22,24,8,0.5,24,91
上海,2018-02-20,59,良,42,48,9,0.6,23,89
上海,2018-02-21,49,优,34,46,9,0.6,24,89
上海,2018-02-22,65,良,47,57,11,0.8,39,78
上海,2018-02-23,68,良,49,46,10,0.7,34,101
上海,2018-02-24,52,良,36,36,10,0.6,34,90
上海,2018-02-25,46,优,32,40,9,0.6,29,90
上海,2018-02-26,54,良,38,44,11,0.6,43,92
上海,2018-02-27,67,良,37,44,11,0.5,28,120
上海,2018-02-28,49,优,32,31,8,0.6,39,73
上海,2018-03-01,89,良,66,67,11,0.8,44,101
上海,2018-03-02,41,优,20,36,8,0.4,28,82
上海,2018-03-03,47,优,28,25,8,0.6,37,71
上海,2018-03-04,57,良,30,29,10,0.6,30,108
上海,2018-03-05,44,优,17,35,8,0.4,22,87
上海,2018-03-06,47,优,18,38,7,0.4,21,94
上海,2018-03-07,43,优,20,27,8,0.4,34,72
上海,2018-03-08,64,良,46,58,8,0.6,27,84
上海,2018-03-09,55,良,38,49,11,0.6,44,74
上海,2018-03-10,88,良,65,67,13,0.7,55,135
上海,2018-03-11,82,良,60,56,11,0.6,53,122
上海,2018-03-12,58,良,23,37,14,0.5,41,109
上海,2018-03-13,57,良,22,37,14,0.5,38,108
上海,2018-03-14,38,优,18,33,14,0.5,29,76
上海,2018-03-15,77,良,40,43,12,0.7,61,42
上海,2018-03-16,44,优,22,43,8,0.4,23,87
上海,2018-03-17,46,优,17,37,7,0.4,25,92
上海,2018-03-18,64,良,27,47,10,0.6,51,77
上海,2018-03-19,43,优,27,30,8,0.5,34,72
上海,2018-03-20,64,良,46,38,9,0.8,48,60
上海,2018-03-21,60,良,29,29,8,0.7,48,48
上海,2018-03-22,104,轻度污染,78,78,14,0.9,67,92
上海,2018-03-23,117,轻度污染,88,87,14,0.8,61,127
上海,2018-03-24,79,良,58,77,15,0.7,62,116
上海,2018-03-25,92,良,68,79,14,0.6,47,142
上海,2018-03-26,80,良,59,65,16,0.6,50,119
上海,2018-03-27,78,良,57,57,14,0.6,48,124
上海,2018-03-28,82,良,43,55,12,0.6,47,138
上海,2018-03-29,54,良,24,44,9,0.5,43,80
上海,2018-03-30,53,良,24,33,8,0.5,42,47
上海,2018-03-31,63,良,30,51,9,0.5,34,115
上海,2018-04-01,83,良,39,89,14,0.5,35,139
上海,2018-04-02,78,良,42,106,15,0.6,55,63
上海,2018-04-03,66,良,30,81,13,0.5,30,102
上海,2018-04-04,47,优,29,47,8,0.5,31,76
上海,2018-04-05,42,优,25,29,7,0.5,33,69
上海,2018-04-06,0,无,0,0,10,0.8,32,92
上海,2018-04-07,63,良,23,76,11,0.5,35,100
上海,2018-04-08,75,良,33,86,13,0.6,53,130
上海,2018-04-09,80,良,37,89,14,0.6,56,135
上海,2018-04-10,83,良,25,59,12,0.6,39,139
上海,2018-04-11,98,良,52,145,17,0.8,63,135
上海,2018-04-12,58,良,24,66,13,0.5,40,87
上海,2018-04-13,48,优,19,47,10,0.5,35,96
上海,2018-04-14,53,良,31,32,7,0.6,42,69
上海,2018-04-15,83,良,53,102,12,0.7,43,139
上海,2018-04-16,101,轻度污染,21,152,11,0.5,51,80
上海,2018-04-17,69,良,33,64,13,0.5,55,105
上海,2018-04-18,97,良,41,68,12,0.5,48,156
上海,2018-04-19,92,良,35,70,11,0.5,44,150
上海,2018-04-20,63,良,24,64,9,0.4,25,115
上海,2018-04-21,56,良,26,62,11,0.5,25,98
上海,2018-04-22,68,良,28,51,12,0.6,36,121
上海,2018-04-23,52,良,36,37,9,0.6,39,78
上海,2018-04-24,48,优,22,28,7,0.5,31,96
上海,2018-04-25,84,良,47,54,12,0.7,52,140
上海,2018-04-26,74,良,28,43,14,0.5,59,87
上海,2018-04-27,146,轻度污染,75,90,17,0.8,60,210
上海,2018-04-28,132,轻度污染,100,117,16,0.8,59,194
上海,2018-04-29,160,中度污染,79,81,15,0.7,43,225
上海,2018-04-30,143,轻度污染,74,77,13,0.9,49,207
上海,2018-05-01,76,良,45,48,10,0.8,53,131
上海,2018-05-02,73,良,53,52,8,0.8,38,127
上海,2018-05-03,105,轻度污染,31,49,10,0.5,43,165
上海,2018-05-04,125,轻度污染,40,64,14,0.5,44,187
上海,2018-05-05,63,良,24,39,9,0.4,35,115
上海,2018-05-06,58,良,41,51,11,0.6,40,106
上海,2018-05-07,43,优,29,33,8,0.6,31,85
上海,2018-05-08,70,良,32,48,10,0.6,38,123
上海,2018-05-09,73,良,30,54,9,0.5,33,127
上海,2018-05-10,81,良,21,44,7,0.4,24,137
上海,2018-05-11,80,良,20,48,9,0.4,25,135
上海,2018-05-12,94,良,70,87,14,0.8,65,137
上海,2018-05-13,95,良,71,52,10,0.9,41,137
上海,2018-05-14,110,轻度污染,52,52,10,0.7,30,170
上海,2018-05-15,116,轻度污染,47,60,14,0.6,28,177
上海,2018-05-16,130,轻度污染,39,60,15,0.6,33,193
上海,2018-05-17,107,轻度污染,35,57,13,0.6,41,167
上海,2018-05-18,90,良,46,52,10,0.7,43,147
上海,2018-05-19,44,优,27,23,6,0.5,27,88
上海,2018-05-20,43,优,12,26,6,0.4,21,86
上海,2018-05-21,39,优,19,34,7,0.4,26,77
上海,2018-05-22,38,优,23,37,7,0.6,28,76
上海,2018-05-23,88,良,32,106,11,0.6,32,145
上海,2018-05-24,81,良,31,111,10,0.4,35,119
上海,2018-05-25,45,优,23,43,7,0.5,36,89
上海,2018-05-26,43,优,29,29,9,0.6,30,85
上海,2018-05-27,49,优,34,41,9,0.5,38,76
上海,2018-05-28,98,良,73,73,13,0.8,43,153
上海,2018-05-29,132,轻度污染,100,88,17,0.8,62,113
上海,2018-05-30,107,轻度污染,80,62,13,0.8,53,71
上海,2018-05-31,79,良,48,47,10,0.6,54,134
上海,2018-06-01,89,良,37,39,11,0.5,39,146
上海,2018-06-02,89,良,32,38,11,0.5,30,146
上海,2018-06-03,73,良,33,37,9,0.5,24,127
上海,2018-06-04,73,良,35,47,10,0.5,35,127
上海,2018-06-05,121,轻度污染,79,71,11,0.8,58,183
上海,2018-06-06,134,轻度污染,51,45,11,0.6,28,197
上海,2018-06-07,76,良,26,31,8,0.5,23,131
上海,2018-06-08,53,良,23,29,10,0.5,30,103
上海,2018-06-09,50,优,23,31,8,0.4,23,99
上海,2018-06-10,67,良,40,47,9,0.6,34,120
上海,2018-06-11,146,轻度污染,57,60,10,0.8,39,210
上海,2018-06-12,184,中度污染,61,67,14,0.8,40,249
上海,2018-06-13,150,轻度污染,47,61,14,0.7,29,215
上海,2018-06-14,76,良,28,34,8,0.5,19,131
上海,2018-06-15,72,良,18,28,9,0.4,21,126
上海,2018-06-16,51,良,22,39,8,0.4,16,101
上海,2018-06-17,59,良,22,39,8,0.4,16,110
上海,2018-06-18,62,良,19,31,7,0.4,14,114
上海,2018-06-19,40,优,23,25,8,0.5,25,79
上海,2018-06-20,45,优,13,14,7,0.4,27,90
上海,2018-06-21,58,良,19,23,8,0.4,26,109
上海,2018-06-22,42,优,23,27,7,0.4,26,84
上海,2018-06-23,67,良,12,17,7,0.4,22,120
上海,2018-06-24,54,良,19,23,6,0.4,20,104
上海,2018-06-25,111,轻度污染,36,39,9,0.6,28,172
上海,2018-06-26,121,轻度污染,39,53,12,0.6,33,183
上海,2018-06-27,81,良,31,47,10,0.6,34,137
上海,2018-06-28,60,良,29,44,10,0.6,41,112
上海,2018-06-29,65,良,30,31,9,0.7,36,118
上海,2018-06-30,38,优,18,24,9,0.5,30,59
上海,2018-07-01,32,优,14,21,8,0.5,25,61
上海,2018-07-02,27,优,14,27,7,0.4,18,50
上海,2018-07-03,35,优,16,28,9,0.4,28,48
上海,2018-07-04,67,良,36,40,11,0.5,34,120
上海,2018-07-05,39,优,25,25,7,0.5,31,49
上海,2018-07-06,34,优,14,20,8,0.5,27,55
上海,2018-07-07,28,优,13,23,7,0.4,20,55
上海,2018-07-08,79,良,25,42,8,0.4,22,134
上海,2018-07-09,50,优,14,29,8,0.4,18,99
上海,2018-07-10,27,优,10,27,7,0.3,13,49
上海,2018-07-11,36,优,12,36,6,0.4,12,34
上海,2018-07-12,34,优,9,27,5,0.4,12,67
上海,2018-07-13,40,优,9,25,6,0.4,14,79
上海,2018-07-14,46,优,9,25,7,0.4,15,92
上海,2018-07-15,44,优,9,24,7,0.4,14,87
上海,2018-07-16,37,优,8,21,6,0.3,13,73
上海,2018-07-17,28,优,8,22,6,0.4,15,55
上海,2018-07-18,33,优,8,22,6,0.3,13,65
上海,2018-07-19,30,优,8,20,6,0.3,13,59
上海,2018-07-20,38,优,23,38,9,0.3,16,70
上海,2018-07-21,34,优,20,34,8,0.4,13,51
上海,2018-07-22,20,优,9,15,5,0.3,10,39
上海,2018-07-23,31,优,12,26,6,0.4,14,61
上海,2018-07-24,108,轻度污染,26,39,7,0.5,25,168
上海,2018-07-25,122,轻度污染,36,55,8,0.5,26,184
上海,2018-07-26,65,良,35,53,8,0.7,52,114
上海,2018-07-27,166,中度污染,41,59,10,0.7,47,231
上海,2018-07-28,124,轻度污染,41,52,11,0.6,29,186
上海,2018-07-29,84,良,41,51,11,0.6,29,140
上海,2018-07-30,75,良,32,45,7,0.6,28,130
上海,2018-07-31,45,优,19,32,9,0.5,26,90
上海,2018-08-01,55,良,15,25,7,0.4,19,106
上海,2018-08-02,43,优,18,30,7,0.4,15,85
上海,2018-08-03,35,优,11,19,4,0.5,17,69
上海,2018-08-04,68,良,19,34,5,0.5,16,121
上海,2018-08-05,79,良,18,32,6,0.5,17,134
上海,2018-08-06,80,良,19,33,6,0.5,20,135
上海,2018-08-07,48,优,15,25,6,0.4,20,95
上海,2018-08-08,57,良,20,30,6,0.4,20,108
上海,2018-08-09,69,良,20,34,7,0.5,21,122
上海,2018-08-10,85,良,27,40,7,0.5,27,142
上海,2018-08-11,70,良,22,33,6,0.6,22,123
上海,2018-08-12,30,优,13,22,5,0.5,19,60
上海,2018-08-13,34,优,9,24,4,0.4,11,68
上海,2018-08-14,27,优,9,27,5,0.4,14,34
上海,2018-08-15,28,优,13,27,7,0.4,16,55
上海,2018-08-16,27,优,8,18,5,0.4,13,53
上海,2018-08-17,35,优,8,19,4,0.4,12,70
上海,2018-08-18,29,优,8,19,5,0.4,13,58
上海,2018-08-19,30,优,7,21,4,0.4,12,60
上海,2018-08-20,47,优,10,25,5,0.4,15,94
上海,2018-08-21,44,优,16,23,6,0.5,35,59
上海,2018-08-22,44,优,14,26,6,0.5,20,88
上海,2018-08-23,90,良,23,48,7,0.6,23,148
上海,2018-08-24,125,轻度污染,29,57,12,0.9,34,187
上海,2018-08-25,43,优,17,26,5,0.5,23,85
上海,2018-08-26,31,优,13,21,4,0.5,24,61
上海,2018-08-27,36,优,9,24,4,0.4,16,71
上海,2018-08-28,37,优,8,22,4,0.4,14,74
上海,2018-08-29,38,优,9,24,5,0.4,15,75
上海,2018-08-30,48,优,11,28,5,0.4,16,95
上海,2018-08-31,100,良,16,35,6,0.5,22,159
上海,2018-09-01,61,良,33,42,6,0.7,40,113
上海,2018-09-02,81,良,37,39,6,0.7,36,137
上海,2018-09-03,88,良,42,44,6,0.8,33,145
上海,2018-09-04,116,轻度污染,42,61,10,1,42,177
上海,2018-09-05,146,轻度污染,36,62,11,0.8,37,210
上海,2018-09-06,140,轻度污染,53,77,10,0.8,30,204
上海,2018-09-07,90,良,67,61,9,1.2,62,65
上海,2018-09-08,49,优,15,30,6,0.5,31,98
上海,2018-09-09,61,良,14,30,6,0.5,29,113
上海,2018-09-10,59,良,13,28,6,0.5,27,110
上海,2018-09-11,43,优,11,35,6,0.5,30,86
上海,2018-09-12,38,优,12,26,6,0.5,30,72
上海,2018-09-13,42,优,13,27,6,0.6,33,61
上海,2018-09-14,53,良,12,26,7,0.5,42,76
上海,2018-09-15,48,优,15,26,8,0.5,27,96
上海,2018-09-16,26,优,11,25,6,0.5,18,51
上海,2018-09-17,44,优,8,18,6,0.6,35,33
上海,2018-09-18,47,优,15,27,8,0.6,37,57
上海,2018-09-19,93,良,28,42,7,0.7,44,151
上海,2018-09-20,73,良,29,38,6,0.8,58,61
上海,2018-09-21,58,良,30,31,6,0.9,46,75
上海,2018-09-22,60,良,22,33,7,0.7,48,93
上海,2018-09-23,105,轻度污染,49,69,10,0.9,42,165
上海,2018-09-24,100,良,26,48,8,0.6,20,160
上海,2018-09-25,53,良,10,28,6,0.4,20,103
上海,2018-09-26,59,良,10,30,6,0.4,21,110
上海,2018-09-27,53,良,10,28,6,0.4,23,103
上海,2018-09-28,54,良,11,29,6,0.5,31,104
上海,2018-09-29,53,良,11,30,6,0.4,21,103
上海,2018-09-30,130,轻度污染,36,67,10,0.7,32,193
上海,2018-10-01,65,良,18,53,11,0.6,31,118
上海,2018-10-02,81,良,23,48,9,0.6,41,137
上海,2018-10-03,79,良,22,38,7,0.5,37,134
上海,2018-10-04,77,良,17,35,7,0.4,19,132
上海,2018-10-05,59,良,16,31,6,0.5,16,110
上海,2018-10-06,69,良,24,47,8,0.6,29,122
上海,2018-10-07,124,轻度污染,29,61,8,0.6,34,186
上海,2018-10-08,58,良,16,45,7,0.5,28,109
上海,2018-10-09,72,良,26,54,7,0.6,57,81
上海,2018-10-10,43,优,23,43,7,0.6,26,80
上海,2018-10-11,49,优,16,37,7,0.4,30,97
上海,2018-10-12,53,良,17,35,7,0.5,42,98
上海,2018-10-13,63,良,18,32,6,0.4,43,115
上海,2018-10-14,45,优,13,25,6,0.4,32,89
上海,2018-10-15,56,良,12,26,7,0.4,32,107
上海,2018-10-16,53,良,22,29,6,0.5,36,103
上海,2018-10-17,85,良,42,57,7,0.7,60,142
上海,2018-10-18,48,优,19,32,6,0.4,30,96
上海,2018-10-19,59,良,16,37,7,0.5,47,98
上海,2018-10-20,53,良,12,29,6,0.4,42,90
上海,2018-10-21,52,良,15,28,7,0.4,41,99
上海,2018-10-22,62,良,15,17,5,0.5,49,70
上海,2018-10-23,78,良,57,56,9,0.8,45,114
上海,2018-10-24,82,良,60,77,9,0.8,60,137
上海,2018-10-25,66,良,25,58,9,0.5,35,119
上海,2018-10-26,75,良,55,76,10,0.7,43,123
上海,2018-10-27,72,良,31,87,13,0.6,57,76
上海,2018-10-28,92,良,39,78,15,0.7,73,110
上海,2018-10-29,95,良,53,92,18,0.8,76,107
上海,2018-10-30,55,良,19,40,8,0.5,41,106
上海,2018-10-31,57,良,18,33,8,0.5,28,108
上海,2018-11-01,44,优,11,21,6,0.4,28,87
上海,2018-11-02,54,良,14,28,6,0.4,43,83
上海,2018-11-03,52,良,16,28,6,0.5,41,95
上海,2018-11-04,54,良,22,27,7,0.6,43,104
上海,2018-11-05,47,优,25,27,7,0.4,30,94
上海,2018-11-06,52,良,20,26,6,0.5,32,102
上海,2018-11-07,63,良,35,20,6,0.7,50,48
上海,2018-11-08,45,优,18,16,5,0.8,36,32
上海,2018-11-09,73,良,53,46,9,0.8,53,74
上海,2018-11-10,58,良,41,34,6,0.6,45,99
上海,2018-11-11,69,良,50,48,7,0.7,50,61
上海,2018-11-12,43,优,16,22,5,0.5,29,86
上海,2018-11-13,57,良,24,40,6,0.5,45,90
上海,2018-11-14,70,良,32,51,6,0.6,56,97
上海,2018-11-15,88,良,23,37,6,0.6,70,48
上海,2018-11-16,43,优,21,21,5,0.5,34,77
上海,2018-11-17,42,优,15,31,5,0.4,25,83
上海,2018-11-18,43,优,15,16,5,0.5,34,60
上海,2018-11-19,102,轻度污染,76,70,10,1,61,55
上海,2018-11-20,80,良,52,57,9,0.9,64,84
上海,2018-11-21,50,优,11,13,5,0.4,40,77
上海,2018-11-22,50,优,32,48,7,0.6,40,84
上海,2018-11-23,84,良,39,55,7,0.6,67,84
上海,2018-11-24,79,良,50,64,8,0.7,63,72
上海,2018-11-25,108,轻度污染,81,73,8,0.9,79,115
上海,2018-11-26,103,轻度污染,54,56,7,0.8,85,83
上海,2018-11-27,103,轻度污染,77,76,8,1.1,82,81
上海,2018-11-28,163,中度污染,124,110,10,1.4,98,69
上海,2018-11-29,139,轻度污染,106,107,9,1.3,102,117
上海,2018-11-30,88,良,58,108,7,0.7,70,95
上海,2018-12-01,74,良,29,66,7,0.5,59,75
上海,2018-12-02,58,良,28,38,6,0.5,46,51
上海,2018-12-03,78,良,53,42,6,0.8,62,20
上海,2018-12-04,44,优,23,26,5,0.6,35,54
上海,2018-12-05,54,良,14,57,5,0.4,30,63
上海,2018-12-06,37,优,12,24,5,0.4,29,62
上海,2018-12-07,37,优,20,30,6,0.5,29,55
上海,2018-12-08,44,优,25,40,7,0.6,35,47
上海,2018-12-09,57,良,28,34,6,0.6,45,35
上海,2018-12-10,37,优,7,14,5,0.4,29,59
上海,2018-12-11,44,优,16,19,5,0.5,35,60
上海,2018-12-12,95,良,71,71,11,1.1,50,57
上海,2018-12-13,94,良,70,78,14,1,71,48
上海,2018-12-14,73,良,51,67,10,0.8,58,61
上海,2018-12-15,68,良,13,25,6,0.4,54,44
上海,2018-12-16,94,良,70,75,9,1,67,51
上海,2018-12-17,135,轻度污染,103,127,13,1.2,88,60
上海,2018-12-18,117,轻度污染,88,131,15,1.4,106,52
上海,2018-12-19,112,轻度污染,54,102,19,1,104,31
上海,2018-12-20,84,良,26,38,8,0.6,67,60
上海,2018-12-21,95,良,45,57,7,0.8,76,19
上海,2018-12-22,60,良,35,26,6,0.7,48,54
上海,2018-12-23,60,良,43,56,7,0.8,35,87
上海,2018-12-24,52,良,26,53,7,0.6,39,79
上海,2018-12-25,62,良,16,34,7,0.4,49,47
上海,2018-12-26,36,优,12,15,5,0.5,28,72
上海,2018-12-27,36,优,16,36,6,0.4,21,67
上海,2018-12-28,46,优,26,46,7,0.5,27,60
上海,2018-12-29,49,优,31,49,9,0.7,38,54
上海,2018-12-30,52,良,28,40,8,0.6,41,44
上海,2018-12-31,47,优,27,29,6,0.5,37,54
上海,2019-01-01,40,优,28,35,7,0.5,29,68
上海,2019-01-02,87,良,64,72,13,0.9,45,68
上海,2019-01-03,73,良,47,53,9,0.7,58,55
上海,2019-01-04,75,良,18,22,6,0.6,60,47
上海,2019-01-05,64,良,32,33,6,0.7,51,42
上海,2019-01-06,55,良,25,33,6,0.5,44,57
上海,2019-01-07,63,良,27,34,6,0.6,50,48
上海,2019-01-08,75,良,55,64,9,0.9,42,79
上海,2019-01-09,55,良,22,28,6,0.6,44,51
上海,2019-01-10,59,良,16,20,5,0.5,47,38
上海,2019-01-11,70,良,15,19,6,0.6,56,31
上海,2019-01-12,65,良,42,54,8,1.2,52,16
上海,2019-01-13,104,轻度污染,78,94,8,1.2,58,41
上海,2019-01-14,94,良,70,72,8,1,66,77
上海,2019-01-15,135,轻度污染,103,100,9,1.2,50,92
上海,2019-01-16,55,良,30,59,8,0.6,44,55
上海,2019-01-17,105,轻度污染,79,122,14,1.2,86,41
上海,2019-01-18,109,轻度污染,82,102,11,1,74,83
上海,2019-01-19,103,轻度污染,77,95,11,1.2,79,54
上海,2019-01-20,128,轻度污染,97,60,11,1,51,75
上海,2019-01-21,99,良,55,81,13,1,79,55
上海,2019-01-22,110,轻度污染,83,105,15,1.2,88,63
上海,2019-01-23,128,轻度污染,97,114,16,1.2,109,78
上海,2019-01-24,127,轻度污染,96,100,14,1.2,90,89
上海,2019-01-25,68,良,29,42,9,0.6,54,85
上海,2019-01-26,34,优,14,34,6,0.5,24,66
上海,2019-01-27,57,良,18,37,7,0.5,45,80
上海,2019-01-28,82,良,55,53,10,0.9,65,46
上海,2019-01-29,65,良,40,70,7,0.7,52,64
上海,2019-01-30,78,良,24,54,7,0.6,62,41
上海,2019-01-31,41,优,12,30,5,0.5,22,82
上海,2019-02-01,82,良,60,68,6,0.8,32,67
上海,2019-02-02,70,良,51,64,7,0.7,30,88
上海,2019-02-03,93,良,69,58,9,1.3,38,42
上海,2019-02-04,103,轻度污染,77,127,8,0.9,29,87
上海,2019-02-05,61,良,19,72,7,0.4,26,80
上海,2019-02-06,62,良,44,69,7,0.8,31,85
上海,2019-02-07,48,优,24,48,5,0.6,15,78
上海,2019-02-08,36,优,10,24,5,0.4,16,72
上海,2019-02-09,38,优,11,21,5,0.4,14,75
上海,2019-02-10,36,优,15,25,6,0.4,17,71
上海,2019-02-11,39,优,27,30,7,0.6,25,70
上海,2019-02-12,39,优,20,26,5,0.5,31,72
上海,2019-02-13,44,优,23,38,5,0.6,22,88
上海,2019-02-14,44,优,23,41,5,0.6,26,88
上海,2019-02-15,42,优,15,18,5,0.5,33,68
上海,2019-02-16,57,良,40,58,6,0.7,22,77
上海,2019-02-17,44,优,27,38,7,0.6,22,88
上海,2019-02-18,50,优,16,18,5,0.5,40,66
上海,2019-02-19,67,良,31,37,6,0.9,53,32
上海,2019-02-20,62,良,44,38,5,0.8,42,61
上海,2019-02-21,77,良,56,57,5,0.8,36,83
上海,2019-02-22,64,良,46,39,5,0.8,42,68
上海,2019-02-23,160,中度污染,122,121,9,1.2,65,85
上海,2019-02-24,135,轻度污染,103,90,10,1.3,74,110
上海,2019-02-25,102,轻度污染,76,72,7,1.2,79,82
上海,2019-02-26,53,良,37,37,6,0.7,41,95
上海,2019-02-27,60,良,26,40,6,0.6,48,69
上海,2019-02-28,58,良,31,41,7,0.6,46,75
上海,2019-03-01,119,轻度污染,90,79,8,0.9,62,113
上海,2019-03-02,69,良,50,53,7,0.7,51,91
上海,2019-03-03,100,良,75,83,9,0.9,65,75
上海,2019-03-04,127,轻度污染,96,108,10,1,56,109
上海,2019-03-05,108,轻度污染,81,81,7,0.8,54,96
上海,2019-03-06,103,轻度污染,77,101,7,1,48,114
上海,2019-03-07,92,良,68,53,6,0.8,31,115
上海,2019-03-08,52,良,20,42,6,0.5,41,91
上海,2019-03-09,100,良,32,35,6,0.8,80,42
上海,2019-03-10,69,良,49,49,5,0.8,55,56
上海,2019-03-11,95,良,71,117,9,0.9,71,113
上海,2019-03-12,105,轻度污染,79,114,9,0.9,56,114
上海,2019-03-13,60,良,20,70,6,0.5,39,91
上海,2019-03-14,58,良,19,35,5,0.6,46,86
上海,2019-03-15,68,良,47,74,9,0.7,54,106
上海,2019-03-16,81,良,39,76,9,0.7,55,137
上海,2019-03-17,107,轻度污染,80,100,13,0.9,65,156
上海,2019-03-18,55,良,33,32,6,0.6,44,98
上海,2019-03-19,64,良,35,37,6,0.6,51,115
上海,2019-03-20,59,良,31,55,7,0.8,46,110
上海,2019-03-21,74,良,54,50,6,0.9,37,93
上海,2019-03-22,46,优,16,34,5,0.5,21,92
上海,2019-03-23,52,良,28,43,8,0.7,37,102
上海,2019-03-24,69,良,34,53,7,0.6,35,122
上海,2019-03-25,80,良,58,63,6,0.8,64,91
上海,2019-03-26,82,良,59,57,9,0.8,65,116
上海,2019-03-27,84,良,47,56,8,0.8,67,91
上海,2019-03-28,97,良,66,86,8,1,77,71
上海,2019-03-29,63,良,45,59,6,0.7,50,103
上海,2019-03-30,78,良,57,70,8,0.8,48,99
上海,2019-03-31,54,良,15,50,6,0.5,26,104
上海,2019-04-01,77,良,25,58,7,0.6,43,132
上海,2019-04-02,71,良,30,64,7,0.7,48,125
上海,2019-04-03,77,良,47,64,8,0.8,61,94
上海,2019-04-04,54,良,38,46,5,0.6,37,98
上海,2019-04-05,97,良,67,86,9,0.9,50,156
上海,2019-04-06,90,良,57,58,9,0.8,45,147
上海,2019-04-07,119,轻度污染,90,111,11,1,56,180
上海,2019-04-08,98,良,73,82,9,0.9,53,138
上海,2019-04-09,55,良,35,48,5,0.8,29,105
上海,2019-04-10,43,优,19,25,5,0.6,30,86
上海,2019-04-11,56,良,25,39,6,0.6,44,107
上海,2019-04-12,84,良,53,57,8,0.8,62,140
上海,2019-04-13,77,良,26,38,6,0.5,34,132
上海,2019-04-14,67,良,48,59,7,0.8,45,117
上海,2019-04-15,63,良,32,63,6,0.6,43,115
上海,2019-04-16,57,良,19,49,6,0.5,36,108
上海,2019-04-17,75,良,44,60,5,0.6,43,130
上海,2019-04-18,115,轻度污染,46,72,7,0.7,43,176
上海,2019-04-19,60,良,43,46,6,0.6,47,87
上海,2019-04-20,45,优,19,33,5,0.5,29,89
上海,2019-04-21,49,优,26,37,5,0.6,39,52
上海,2019-04-22,54,良,19,19,4,0.6,43,43
上海,2019-04-23,74,良,49,58,6,1,59,87
上海,2019-04-24,123,轻度污染,93,63,8,1.2,77,58
上海,2019-04-25,62,良,37,38,6,0.7,49,74
上海,2019-04-26,44,优,24,38,5,0.6,35,82
上海,2019-04-27,66,良,16,34,6,0.5,27,119
上海,2019-04-28,58,良,31,33,5,0.6,46,80
上海,2019-04-29,68,良,34,21,5,0.6,54,50
上海,2019-04-30,54,良,24,27,5,0.6,43,74
上海,2019-05-01,85,良,59,84,9,1,55,141
上海,2019-05-02,74,良,33,97,8,0.7,59,122
上海,2019-05-03,80,良,30,73,7,0.6,64,132
上海,2019-05-04,92,良,36,67,8,0.6,53,150
上海,2019-05-05,90,良,40,50,7,0.6,27,147
上海,2019-05-06,59,良,22,42,6,0.4,22,110
上海,2019-05-07,66,良,13,48,6,0.4,26,119
上海,2019-05-08,70,良,17,45,6,0.4,29,124
上海,2019-05-09,127,轻度污染,36,57,9,0.6,42,189
上海,2019-05-10,103,轻度污染,37,51,8,0.5,35,163
上海,2019-05-11,150,轻度污染,41,61,9,0.6,41,215
上海,2019-05-12,112,轻度污染,35,51,7,0.6,33,173
上海,2019-05-13,58,良,25,36,8,0.6,32,109
上海,2019-05-14,55,良,22,27,6,0.6,25,106
上海,2019-05-15,36,优,20,21,6,0.6,28,71
上海,2019-05-16,60,良,43,35,6,0.7,41,53
上海,2019-05-17,49,优,23,27,6,0.6,39,67
上海,2019-05-18,54,良,38,39,7,0.8,39,81
上海,2019-05-19,80,良,59,58,7,0.7,48,84
上海,2019-05-20,61,良,28,67,7,0.5,36,113
上海,2019-05-21,125,轻度污染,32,84,9,0.5,52,187
上海,2019-05-22,155,中度污染,43,84,10,0.7,48,220
上海,2019-05-23,202,重度污染,62,101,11,0.8,56,274
上海,2019-05-24,123,轻度污染,34,67,7,0.5,40,185
上海,2019-05-25,70,良,23,50,5,0.5,17,124
上海,2019-05-26,45,优,21,28,4,0.5,17,89
上海,2019-05-27,56,良,28,31,5,0.7,21,107
上海,2019-05-28,62,良,12,31,5,0.5,29,114
上海,2019-05-29,92,良,25,50,6,0.6,73,114
上海,2019-05-30,85,良,25,44,6,0.6,45,142
上海,2019-05-31,86,良,59,48,5,0.8,42,143
上海,2019-06-01,65,良,33,30,5,0.6,30,118
上海,2019-06-02,71,良,19,25,5,0.5,25,125
上海,2019-06-03,87,良,30,30,5,0.6,23,144
上海,2019-06-04,96,良,32,38,5,0.6,29,155
上海,2019-06-05,91,良,42,44,4,0.6,22,149
上海,2019-06-06,44,优,21,34,5,0.6,22,88
上海,2019-06-07,59,良,18,25,5,0.5,23,110
上海,2019-06-08,89,良,26,29,5,0.4,20,146
上海,2019-06-09,87,良,26,30,5,0.5,18,144
上海,2019-06-10,60,良,40,42,5,0.6,30,111
上海,2019-06-11,63,良,25,29,5,0.4,23,115
上海,2019-06-12,63,良,18,27,5,0.3,21,115
上海,2019-06-13,54,良,21,25,5,0.4,24,104
上海,2019-06-14,68,良,17,22,5,0.4,23,121
上海,2019-06-15,173,中度污染,57,66,10,0.7,42,238
上海,2019-06-16,177,中度污染,77,73,11,0.7,42,242
上海,2019-06-17,80,良,29,37,8,0.5,29,136
上海,2019-06-18,45,优,19,18,5,0.6,36,78
上海,2019-06-19,46,优,28,19,5,0.6,31,92
上海,2019-06-20,36,优,22,22,5,0.5,28,71
上海,2019-06-21,39,优,19,20,5,0.5,22,78
上海,2019-06-22,44,优,28,29,5,0.5,24,87
上海,2019-06-23,60,良,27,32,5,0.5,19,112
上海,2019-06-24,73,良,22,27,5,0.4,19,127
上海,2019-06-25,45,优,14,23,5,0.4,21,89
上海,2019-06-26,47,优,19,21,5,0.5,37,57
上海,2019-06-27,75,良,33,28,5,0.5,31,130
上海,2019-06-28,121,轻度污染,43,42,6,0.6,33,183
上海,2019-06-29,57,良,40,38,6,0.9,44,78
上海,2019-06-30,48,优,21,15,4,0.7,37,95
上海,2019-07-01,48,优,17,15,4,0.5,31,95
上海,2019-07-02,65,良,18,23,5,0.4,31,118
上海,2019-07-03,71,良,23,29,5,0.4,23,125
上海,2019-07-04,70,良,36,37,5,0.5,28,124
上海,2019-07-05,61,良,37,36,6,0.5,30,113
上海,2019-07-06,74,良,36,31,5,0.4,23,128
上海,2019-07-07,137,轻度污染,34,38,5,0.6,31,200
上海,2019-07-08,112,轻度污染,54,49,7,0.7,32,173
上海,2019-07-09,37,优,16,17,5,0.4,23,73
上海,2019-07-10,43,优,16,20,5,0.5,34,73
上海,2019-07-11,58,良,32,34,5,0.6,46,97
上海,2019-07-12,44,优,28,25,5,0.5,35,64
上海,2019-07-13,48,优,9,11,4,0.5,28,95
上海,2019-07-14,93,良,31,29,6,0.5,34,151
上海,2019-07-15,64,良,22,27,5,0.4,24,116
上海,2019-07-16,38,优,17,23,5,0.4,24,75
上海,2019-07-17,39,优,20,28,5,0.4,21,77
上海,2019-07-18,25,优,10,21,4,0.3,20,35
上海,2019-07-19,25,优,9,17,4,0.3,20,43
上海,2019-07-20,45,优,25,33,5,0.6,33,90
上海,2019-07-21,92,良,38,40,5,0.5,33,150
上海,2019-07-22,90,良,31,40,5,0.5,23,147
上海,2019-07-23,116,轻度污染,23,38,5,0.5,27,177
上海,2019-07-24,78,良,31,46,5,0.7,40,133
上海,2019-07-25,71,良,37,51,5,0.7,45,125
上海,2019-07-26,97,良,47,59,5,0.8,45,156
上海,2019-07-27,72,良,34,48,6,0.7,41,126
上海,2019-07-28,70,良,20,33,5,0.5,20,124
上海,2019-07-29,90,良,16,29,5,0.4,21,148
上海,2019-07-30,99,良,15,30,6,0.4,23,158
上海,2019-07-31,64,良,12,25,6,0.5,21,116
上海,2019-08-01,38,优,9,24,5,0.4,18,75
上海,2019-08-02,25,优,8,22,5,0.4,17,50
上海,2019-08-03,25,优,13,25,6,0.4,19,44
上海,2019-08-04,30,优,6,16,4,0.5,24,36
上海,2019-08-05,24,优,9,23,5,0.4,19,41
上海,2019-08-06,36,优,17,25,6,0.4,19,71
上海,2019-08-07,38,优,24,35,5,0.4,19,76
上海,2019-08-08,26,优,11,26,5,0.4,16,30
上海,2019-08-09,25,优,11,25,5,0.4,11,25
上海,2019-08-10,39,优,12,20,4,0.5,6,78
上海,2019-08-11,40,优,8,14,4,0.5,16,79
上海,2019-08-12,89,良,20,35,5,0.6,27,146
上海,2019-08-13,85,良,32,40,6,0.7,44,141
上海,2019-08-14,143,轻度污染,46,53,6,0.9,45,207
上海,2019-08-15,118,轻度污染,42,46,7,1.1,32,179
上海,2019-08-16,170,中度污染,46,54,7,1,31,235
上海,2019-08-17,181,中度污染,53,66,7,0.9,33,246
上海,2019-08-18,93,良,41,47,5,0.7,33,151
上海,2019-08-19,82,良,17,27,5,0.6,26,138
上海,2019-08-20,67,良,15,25,6,0.6,24,120
上海,2019-08-21,110,轻度污染,25,41,7,0.7,34,171
上海,2019-08-22,93,良,36,49,6,0.7,30,151
上海,2019-08-23,64,良,32,41,6,0.6,28,116
上海,2019-08-24,36,优,21,28,6,0.5,26,71
上海,2019-08-25,23,优,11,23,5,0.4,18,46
上海,2019-08-26,81,良,17,32,5,0.5,23,137
上海,2019-08-27,85,良,28,44,6,0.6,40,142
上海,2019-08-28,46,优,17,20,5,0.6,31,91
上海,2019-08-29,55,良,22,24,5,0.7,44,84
上海,2019-08-30,111,轻度污染,54,51,7,0.9,49,172
上海,2019-08-31,85,良,42,38,6,0.7,32,142
上海,2019-09-01,54,良,13,14,5,0.5,29,104
上海,2019-09-02,42,优,8,10,5,0.5,33,74
上海,2019-09-03,68,良,16,21,5,0.6,54,36
上海,2019-09-04,64,良,31,27,6,0.7,51,42
上海,2019-09-05,42,优,12,17,6,0.5,33,27
上海,2019-09-06,28,优,7,14,5,0.5,22,24
上海,2019-09-07,79,良,22,36,7,0.7,35,134
上海,2019-09-08,93,良,33,41,6,0.7,33,151
上海,2019-09-09,47,优,24,33,6,0.6,37,88
上海,2019-09-10,120,轻度污染,36,54,7,0.8,47,182
上海,2019-09-11,65,良,32,34,6,0.6,27,117
上海,2019-09-12,63,良,18,27,6,0.6,30,115
上海,2019-09-13,54,良,15,25,6,0.5,24,104
上海,2019-09-14,46,优,15,29,6,0.5,25,91
上海,2019-09-15,54,良,12,22,6,0.7,21,104
上海,2019-09-16,76,良,15,33,7,0.6,24,131
上海,2019-09-17,66,良,22,40,6,0.7,24,119
上海,2019-09-18,72,良,14,37,6,0.6,21,126
上海,2019-09-19,48,优,11,33,6,0.6,20,95
上海,2019-09-20,75,良,14,32,6,0.6,23,129
上海,2019-09-21,50,优,10,18,5,0.5,17,100
上海,2019-09-22,45,优,11,22,6,0.6,21,89
上海,2019-09-23,52,良,21,44,7,0.7,39,102
上海,2019-09-24,110,轻度污染,38,63,10,0.9,63,170
上海,2019-09-25,96,良,46,54,8,0.8,53,155
上海,2019-09-26,74,良,23,32,7,0.6,36,128
上海,2019-09-27,63,良,25,36,7,0.6,41,115
上海,2019-09-28,52,良,36,44,7,0.6,37,102
上海,2019-09-29,56,良,30,37,6,0.5,33,107
上海,2019-09-30,46,优,30,40,6,0.5,29,92
上海,2019-10-01,20,优,12,14,6,0.4,16,30
上海,2019-10-02,28,优,12,19,8,0.6,22,45
上海,2019-10-03,47,优,19,29,8,0.7,37,72
上海,2019-10-04,61,良,35,33,8,0.6,28,113
上海,2019-10-05,56,良,27,35,6,0.6,21,107
上海,2019-10-06,49,优,10,30,6,0.4,23,98
上海,2019-10-07,53,良,35,52,8,0.7,42,60
上海,2019-10-08,80,良,59,55,9,1.1,51,59
上海,2019-10-09,60,良,43,48,8,0.7,47,87
上海,2019-10-10,69,良,15,36,9,0.5,36,122
上海,2019-10-11,57,良,38,48,10,0.6,45,72
上海,2019-10-12,70,良,29,44,8,0.6,28,124
上海,2019-10-13,60,良,21,36,7,0.5,30,111
上海,2019-10-14,45,优,19,34,7,0.5,27,90
上海,2019-10-15,39,优,11,28,6,0.4,23,77
上海,2019-10-16,49,优,17,36,7,0.5,39,87
上海,2019-10-17,52,良,21,38,8,0.6,41,95
上海,2019-10-18,55,良,18,32,7,0.5,37,106
上海,2019-10-19,75,良,35,45,8,0.6,48,129
上海,2019-10-20,87,良,44,48,8,0.7,54,144
上海,2019-10-21,68,良,35,38,7,0.6,46,121
上海,2019-10-22,74,良,31,42,8,0.6,59,116
上海,2019-10-23,70,良,36,45,7,0.6,44,123
上海,2019-10-24,61,良,27,38,7,0.6,44,113
上海,2019-10-25,84,良,48,64,9,0.7,50,140
上海,2019-10-26,38,优,20,34,7,0.5,30,74
上海,2019-10-27,72,良,24,44,8,0.6,57,63
上海,2019-10-28,95,良,61,64,9,0.9,76,88
上海,2019-10-29,128,轻度污染,71,205,12,1,71,112
上海,2019-10-30,131,轻度污染,46,212,10,0.8,79,104
上海,2019-10-31,129,轻度污染,52,207,10,0.7,70,158
上海,2019-11-01,87,良,42,111,9,0.7,69,135
上海,2019-11-02,110,轻度污染,72,146,9,0.9,60,171
上海,2019-11-03,55,良,28,45,8,0.6,34,106
上海,2019-11-04,60,良,32,50,8,0.7,33,112
上海,2019-11-05,50,优,16,30,7,0.5,36,100
上海,2019-11-06,58,良,15,26,7,0.5,46,90
上海,2019-11-07,62,良,32,41,8,0.7,40,114
上海,2019-11-08,45,优,13,29,7,0.5,29,89
上海,2019-11-09,54,良,12,25,7,0.5,43,92
上海,2019-11-10,76,良,39,63,9,0.7,54,131
上海,2019-11-11,97,良,44,103,12,0.9,77,81
上海,2019-11-12,70,良,25,75,7,0.6,56,72
上海,2019-11-13,74,良,54,74,10,0.9,55,93
上海,2019-11-14,67,良,20,84,7,0.6,38,77
上海,2019-11-15,60,良,20,60,8,0.6,48,108
上海,2019-11-16,58,良,22,50,9,0.5,46,109
上海,2019-11-17,62,良,34,60,9,0.7,49,82
上海,2019-11-18,84,良,47,118,7,0.7,37,63
上海,2019-11-19,93,良,33,135,9,0.6,36,69
上海,2019-11-20,65,良,23,79,7,0.6,49,76
上海,2019-11-21,62,良,12,31,6,0.5,49,62
上海,2019-11-22,80,良,26,49,9,0.5,64,50
上海,2019-11-23,69,良,21,37,7,0.5,55,41
上海,2019-11-24,50,优,32,33,6,0.7,40,62
上海,2019-11-25,33,优,13,29,5,0.4,26,59
上海,2019-11-26,48,优,15,26,5,0.5,38,47
上海,2019-11-27,44,优,16,18,5,0.4,35,49
上海,2019-11-28,38,优,16,32,6,0.5,30,57
上海,2019-11-29,54,良,17,32,6,0.5,43,47
上海,2019-11-30,73,良,15,24,6,0.5,58,38
上海,2019-12-01,53,良,27,22,5,0.9,42,41
上海,2019-12-02,93,良,69,63,12,1,61,52
上海,2019-12-03,112,轻度污染,84,87,15,1.1,95,61
上海,2019-12-04,139,轻度污染,106,101,15,1.3,115,44
上海,2019-12-05,78,良,54,53,11,0.7,62,74
上海,2019-12-06,40,优,14,23,6,0.4,32,76
上海,2019-12-07,80,良,38,47,9,0.6,64,84
上海,2019-12-08,108,轻度污染,74,76,13,1,96,75
上海,2019-12-09,115,轻度污染,87,81,11,0.9,101,69
上海,2019-12-10,116,轻度污染,72,75,12,0.9,112,73
上海,2019-12-11,148,轻度污染,113,112,14,1.3,94,90
上海,2019-12-12,74,良,33,44,8,0.7,59,73
上海,2019-12-13,93,良,33,57,9,0.8,74,73
上海,2019-12-14,83,良,57,70,9,0.9,66,77
上海,2019-12-15,54,良,17,31,7,0.5,43,61
上海,2019-12-16,75,良,34,49,7,0.7,60,61
上海,2019-12-17,103,轻度污染,77,62,8,1.2,60,16
上海,2019-12-18,42,优,28,29,5,0.7,33,54
上海,2019-12-19,57,良,28,35,6,0.6,45,40
上海,2019-12-20,65,良,41,41,8,0.7,52,52
上海,2019-12-21,63,良,27,24,6,0.6,50,62
上海,2019-12-22,57,良,18,20,6,0.6,45,63
上海,2019-12-23,64,良,33,30,6,0.7,51,69
上海,2019-12-24,54,良,34,36,6,0.7,43,64
上海,2019-12-25,83,良,27,30,6,0.7,66,35
上海,2019-12-26,57,良,33,26,6,1,45,41
上海,2019-12-27,98,良,73,71,10,1,67,49
上海,2019-12-28,100,良,75,68,10,1,68,74
上海,2019-12-29,80,良,41,44,8,0.6,64,34
上海,2019-12-30,102,轻度污染,76,61,10,0.8,48,87
上海,2019-12-31,34,优,17,31,6,0.4,27,56